{
  "name": "roller",
  "version": "3.2.7",
  "title": "Roller",
  "author": {
    "name": "Ben Plum",
    "email": "mr@benplum.com",
    "url": "http://www.benplum.com"
  },
  "licenses": [
    {
      "type": "MIT",
      "url": "http://opensource.org/licenses/MIT"
    }
  ],
  "dependencies": {
    "jquery": ">=1.7"
  },
  "description": "A jQuery plugin for simple content carousels. Part of the Formstone Library.",
  "keywords": [
    "carousel",
    "slider",
    "rotate",
    "ui",
    "javascript",
    "jquery",
    "formstone"
  ],
  "docs": "http://formstone.it/roller/",
  "demo": "http://formstone.it/roller/",
  "download": "https://github.com/Formstone/Roller",
  "bugs": "https://github.com/Formstone/Roller/issues",
  "homepage": "http://formstone.it/roller/"
}