{
  "name": "picker",
  "version": "3.1.2",
  "title": "Picker",
  "author": {
    "name": "Ben Plum",
    "email": "mr@benplum.com",
    "url": "http://www.benplum.com"
  },
  "licenses": [
    {
      "type": "MIT",
      "url": "http://opensource.org/licenses/MIT"
    }
  ],
  "dependencies": {
    "jquery": ">=1.7"
  },
  "description": "A jQuery plugin for replacing default checkboxes and radios. Part of the formstone library.",
  "keywords": [
    "radio",
    "checkbox",
    "input",
    "form",
    "ui",
    "javascript",
    "jquery",
    "formstone"
  ],
  "docs": "http://formstone.it/picker/",
  "demo": "http://formstone.it/picker/",
  "download": "https://github.com/Formstone/Picker",
  "bugs": "https://github.com/Formstone/Picker/issues",
  "homepage": "http://formstone.it/picker/"
}